{
    "name": "mysql-sink-kafka",
    "config": {
      "connector.class": "io.confluent.connect.jdbc.JdbcSinkConnector",
      "task.max": "1",
      "topics": "kafka-class-db-001.demo.movies",
      "key.converter": "io.confluent.connect.avro.AvroConverter",
      "value.converter": "io.confluent.connect.avro.AvroConverter",
      "key.converter.schema.registry.url": "http://schema-registry:8081",
      "value.converter.schema.registry.url": "http://schema-registry:8081",
      "transforms": "unwrap",
      "transforms.unwrap.type": "io.debezium.transforms.ExtractNewRecordState",
      "transforms.unwrap.drop.tombstones": "false",
      "key.converter.schemas.enable": "true",
      "errors.tolerance": "all",
      "errors.log.include.messages": true,
      "connection.attempts": "6",
      "connection.backoff.ms": "1000",
      "connection.url": "jdbc:mysql://34.143.158.77:3306/demo?nullCatalogMeansCurrent=true&autoReconnect=true&useSSL=false",
      "connection.user": "root",
      "connection.password": "kafka-class-db-002",
      "dialect.name": "MySqlDatabaseDialect",
      "insert.mode": "upsert",
      "delete.enabled" : "true",
      "batch.size": "2",
      "table.name.format": "movies",
      "table.whitelist": "demo.movies",
      "pk.mode": "record_key",
      "pk.fields": "movie_id",
      "auto.create": "true",
      "auto.evolve": "true",
      "db.timezone": "Asia/Bangkok"
    }
  }
